Track Name,artwork_url
Main Tera Main Tera Lofi Flip,https://i.scdn.co/image/ab67616d0000b2735e8df31f9d4eaa0d2845f0c0
Enna Sona,https://i.scdn.co/image/ab67616d0000b273007759a309e7364ffc5f664a
,https://i.scdn.co/image/ab67616d0000b2739e1cfc756886ac782e363d79
,https://i.scdn.co/image/ab67616d0000b2739e1cfc756886ac782e363d79
"Duniyaa (From ""Luka Chuppi"")",https://i.scdn.co/image/ab67616d0000b2737b93fd8b0ade33ceb9d536de
"Tujhe Kitna Chahne Lage (From ""Kabir Singh"")",https://i.scdn.co/image/ab67616d0000b273ba03ff79dad25f7c3542382f
Hawayein,https://i.scdn.co/image/ab67616d0000b273a08a13555e245f7f11aba13f
"Mast Magan (From ""2 States"")",https://i.scdn.co/image/ab67616d0000b273614a583a490e23b29821b2ed
Love You Zindagi,https://i.scdn.co/image/ab67616d0000b27349079e6945b600abe668cae4
,https://i.scdn.co/image/ab67616d0000b2739e1cfc756886ac782e363d79
"Humdard (From ""Ek Villain"")",https://i.scdn.co/image/ab67616d0000b2737569cbe3695608074d9fd389
Pehla Pyaar,https://i.scdn.co/image/ab67616d0000b273c5545f737b16ad5ee767b62a
Pee Loon,https://i.scdn.co/image/ab67616d0000b273df934f4de5f8dd46f8d75f5f
"Mere Sohneya (From ""Kabir Singh"")",https://i.scdn.co/image/ab67616d0000b2738ae7ce46d1896e3e0fb86e70
"Kaise Hua (From ""Kabir Singh"")",https://i.scdn.co/image/ab67616d0000b273ce1f4349305971b5beb75fcd
"Jeena Jeena (From ""Badlapur"")",https://i.scdn.co/image/ab67616d0000b273831836ff72925b6e04f1f927
Shayad,https://i.scdn.co/image/ab67616d0000b273095191f6b96fd9eff585befc
Raabta,https://i.scdn.co/image/ab67616d0000b273e810a88d506b30bdc0935247
Tum Se Hi,https://i.scdn.co/image/ab67616d0000b27352fe6875028c892308ffc2f7
"Raabta (Title Track) [From ""Raabta""]",https://i.scdn.co/image/ab67616d0000b2731bcc10d3bd1d77d7c3f164c6
Mera Mann Kehne Laga,https://i.scdn.co/image/ab67616d0000b27338a1f0f963bd1fbc349dd1e6
,https://i.scdn.co/image/ab67616d0000b2739e1cfc756886ac782e363d79
"Nai Lagda (From ""Notebook"")",https://i.scdn.co/image/ab67616d0000b2732a777a3754573e85dad3e9d7
"Darasal (From ""Raabta"")",https://i.scdn.co/image/ab67616d0000b2732c1f340fb6af431e9365a6bf
tere bina,https://i.scdn.co/image/ab67616d0000b2730504fdf58bae8cd52dd13047
"Ik Vaari Aa (From ""Raabta"")",https://i.scdn.co/image/ab67616d0000b273ece89c7bf7d8141a1e8eef42
Ik Junoon (Paint It Red),https://i.scdn.co/image/ab67616d0000b2730acb5a72549287bf33b51b71
tere bina - Acoustic,https://i.scdn.co/image/ab67616d0000b273cba5ee0cdc6758b036ce1ede
,https://i.scdn.co/image/ab67616d0000b2739e1cfc756886ac782e363d79
Befikar,https://i.scdn.co/image/ab67616d0000b273a24df0e5e9f33c928a962727
Ye Tune Kya Kiya,https://i.scdn.co/image/ab67616d0000b273fe77bd21eb38ff74b5f21524
Tu Hi Hai,https://i.scdn.co/image/ab67616d0000b27349079e6945b600abe668cae4
,https://i.scdn.co/image/ab67616d0000b2739e1cfc756886ac782e363d79
Tu Jaane Na,https://i.scdn.co/image/ab67616d0000b273c2d2a2177df997886b1a4eb9
"Tum Tak (From ""Raanjhanaa"")",https://i.scdn.co/image/ab67616d0000b273a00249b8bf77312ec156dd4b
Saudebazi (Encore),https://i.scdn.co/image/ab67616d0000b273b425c9dadc417923e894eb59
Tu Hai,https://i.scdn.co/image/ab67616d0000b273dfbee774ceae5669957c52bd
Khuda Jaane,https://i.scdn.co/image/ab67616d0000b273a08c7022ea424b2f048b46e9
Tujhko Jo Paaya,https://i.scdn.co/image/ab67616d0000b273c32737e2c7f606beecbf1bae
"Raanjhanaa (From ""Raanjhanaa"")",https://i.scdn.co/image/ab67616d0000b273a00249b8bf77312ec156dd4b
Tera Hone Laga Hoon,https://i.scdn.co/image/ab67616d0000b273c2d2a2177df997886b1a4eb9
,https://i.scdn.co/image/ab67616d0000b2739e1cfc756886ac782e363d79
Dildaara (Stand By Me),https://i.scdn.co/image/ab67616d0000b27344aa56e23e3a89802e6c6347
Hey Ya !,https://i.scdn.co/image/ab67616d0000b2730e0eae488b99b7c7b901f659
"Jaise Mera Tu (From ""Happy Ending"")",https://i.scdn.co/image/ab67616d0000b273394a020c0dcbf4669621580d
Kya Mujhe Pyar Hai,https://i.scdn.co/image/ab67616d0000b273238513a0da74c837b2eeb8d7
Uff Teri Adaa,https://i.scdn.co/image/ab67616d0000b2730e0eae488b99b7c7b901f659
Mishri,https://i.scdn.co/image/ab67616d0000b273aac0305160f2e950afa2ff5f
Ishq Bulaava,https://i.scdn.co/image/ab67616d0000b2732025db071cd9dd7e8023e01e
Adhoore,https://i.scdn.co/image/ab67616d0000b2734c82108d938074902385f29d
Zehnaseeb,https://i.scdn.co/image/ab67616d0000b2732025db071cd9dd7e8023e01e
Sawaar Loon,https://i.scdn.co/image/ab67616d0000b2730e26db222796cf4207425abc
Tu Hi Mera,https://i.scdn.co/image/ab67616d0000b27371da5e89467bd75d2ed9f1fa
Saadi Galli Aaja,https://i.scdn.co/image/ab67616d0000b27338a1f0f963bd1fbc349dd1e6
,https://i.scdn.co/image/ab67616d0000b2739e1cfc756886ac782e363d79
Gulabi,https://i.scdn.co/image/ab67616d0000b27358ce01f471e8550949a5ac78
Je T'aime,https://i.scdn.co/image/ab67616d0000b273859d36ce7ef79353a6e3ddee
Jhak Maar Ke,https://i.scdn.co/image/ab67616d0000b273daa89593cc2cde9651665d03
You And Me,https://i.scdn.co/image/ab67616d0000b273a35daeab41d7d6da14cc809c
,https://i.scdn.co/image/ab67616d0000b2739e1cfc756886ac782e363d79
,https://i.scdn.co/image/ab67616d0000b2739e1cfc756886ac782e363d79
Jiyein Kyun ? - Lofi Mix,https://i.scdn.co/image/ab67616d0000b273e39388ba8eadf58476135087
Dariya Lofi Flip,https://i.scdn.co/image/ab67616d0000b273fb48d6dc965cdda73a16f08d
,https://i.scdn.co/image/ab67616d0000b2739e1cfc756886ac782e363d79
Ajab Si,https://i.scdn.co/image/ab67616d0000b273675b3f7dea80153c73581e5e
Sajdaa,https://i.scdn.co/image/ab67616d0000b2737881b6fe1d303657f9d409eb
Mere Bina,https://i.scdn.co/image/ab67616d0000b273c32737e2c7f606beecbf1bae
Main Agar Kahoon,https://i.scdn.co/image/ab67616d0000b273675b3f7dea80153c73581e5e
"Ek Ladki Ko Dekha Toh Aisa Laga (From ""Ek Ladki Ko Dekha Toh Aisa Laga"")",https://i.scdn.co/image/ab67616d0000b2735753692ad72d2abde27bbd94
,https://i.scdn.co/image/ab67616d0000b2739e1cfc756886ac782e363d79
Tujh Mein Rab Dikhta Hai,https://i.scdn.co/image/ab67616d0000b2731555fec10000486f9331fbc8
"Jeene Laga Hoon (From ""Ramaiya Vastavaiya"")",https://i.scdn.co/image/ab67616d0000b27387118f5e1463ce140fde1a0c
,https://i.scdn.co/image/ab67616d0000b2739e1cfc756886ac782e363d79
Samjhawan,https://i.scdn.co/image/ab67616d0000b273d1f803cbe9c43700b4ea6895
Haule Haule,https://i.scdn.co/image/ab67616d0000b2731555fec10000486f9331fbc8
Tum Kyu Chale Ate Ho (Lofi),https://i.scdn.co/image/ab67616d0000b273aec611ea6e0513d3a2433d8d
,https://i.scdn.co/image/ab67616d0000b2739e1cfc756886ac782e363d79
"Doobey (From ""Gehraiyaan"")",https://i.scdn.co/image/ab67616d0000b273a6dd88a097d77eaa6a5f517f
,https://i.scdn.co/image/ab67616d0000b2739e1cfc756886ac782e363d79
Rabba Main Toh Mar Gaya Oye,https://i.scdn.co/image/ab67616d0000b273921798bf86a4d458a45f680a
Chand Sifarish,https://i.scdn.co/image/ab67616d0000b273d2be316742edcc853ea55141
Ok Jaanu Title Track,https://i.scdn.co/image/ab67616d0000b273007759a309e7364ffc5f664a
"Banjaara (From ""Ek Villain"")",https://i.scdn.co/image/ab67616d0000b273c8d81ccb980b57d373e91f62
"Nazar Na Lag Jaaye (From ""Stree"")",https://i.scdn.co/image/ab67616d0000b273dc0eee8fc90686b176a4336e
Gehraiyaan Title Track,https://i.scdn.co/image/ab67616d0000b2738034ba22ea88a38034910fbd
"Tum Hi Ho Bandhu (From ""Cocktail"")",https://i.scdn.co/image/ab67616d0000b273e8f471585079f5ea5127f978
Tera Deedar Hua,https://i.scdn.co/image/ab67616d0000b27371da5e89467bd75d2ed9f1fa
Ishaqzaade,https://i.scdn.co/image/ab67616d0000b273689f566242484e89e9cad22a
"Yaaram (From ""Ek Thi Daayan"")",https://i.scdn.co/image/ab67616d0000b27386b2053ab7b093ee3b8e09ff
,https://i.scdn.co/image/ab67616d0000b2739e1cfc756886ac782e363d79
"Pani Da Rang Male (From ""Vicky Donor"")",https://i.scdn.co/image/ab67616d0000b2733ff48b5b950351968981c04a
Isq Risk,https://i.scdn.co/image/ab67616d0000b273a2011a6b7f81c63c1557076d
Ambarsariya,https://i.scdn.co/image/ab67616d0000b2739701faf1c34cc355fd3cd3c0
"Mar Jayian Romantic (From ""Vicky Donor"")",https://i.scdn.co/image/ab67616d0000b2735d4030696a63d9ee050ebb5b
Soch Na Sake,https://i.scdn.co/image/ab67616d0000b2736b047c1401c8c18a54e4377d
"Humsafar (From ""Badrinath Ki Dulhania"")",https://i.scdn.co/image/ab67616d0000b273dc9563139ebc2a5597254664
Kahaan Ho Tum,https://i.scdn.co/image/ab67616d0000b273a91bbfed11a109d577f06cde
Saibo,https://i.scdn.co/image/ab67616d0000b2731aac2079e5047e1bfd1b59d9
Rabba Main Toh Mar Gaya Oye,https://i.scdn.co/image/ab67616d0000b273921798bf86a4d458a45f680a
,https://i.scdn.co/image/ab67616d0000b2739e1cfc756886ac782e363d79
Offo,https://i.scdn.co/image/ab67616d0000b273c7b8d39b1e113845906984ab
Achha Lagta Hai,https://i.scdn.co/image/ab67616d0000b2736c7e0852cf516e3be513330e
,https://i.scdn.co/image/ab67616d0000b2739e1cfc756886ac782e363d79
,https://i.scdn.co/image/ab67616d0000b2739e1cfc756886ac782e363d79
,https://i.scdn.co/image/ab67616d0000b2739e1cfc756886ac782e363d79
Aadha Ishq,https://i.scdn.co/image/ab67616d0000b273e8a91c48543ddaf13583a09a
"Roke Na Ruke Naina (From ""Badrinath Ki Dulhania"")",https://i.scdn.co/image/ab67616d0000b2737569cbe3695608074d9fd389
Bahara,https://i.scdn.co/image/ab67616d0000b2731992dd7b33baf5887ea4a1ec
Sadka,https://i.scdn.co/image/ab67616d0000b2731992dd7b33baf5887ea4a1ec
,https://i.scdn.co/image/ab67616d0000b2739e1cfc756886ac782e363d79
Matargashti,https://i.scdn.co/image/ab67616d0000b273da50894e074ecd5ce61de0a1
,https://i.scdn.co/image/ab67616d0000b2739e1cfc756886ac782e363d79
Your Body On My Body,https://i.scdn.co/image/ab67616d0000b273cb3deb235f797025bd15d074
Locha-E-Ulfat,https://i.scdn.co/image/ab67616d0000b273c7b8d39b1e113845906984ab
"Bol Do Na Zara (From ""Azhar"")",https://i.scdn.co/image/ab67616d0000b273f4e88554baba207fc6878ab5
Better,https://i.scdn.co/image/ab67616d0000b273a348cd1b2496b47254acc74b
,https://i.scdn.co/image/ab67616d0000b2739e1cfc756886ac782e363d79
Taare Ginn,https://i.scdn.co/image/ab67616d0000b273f3582107f127c2765fafb431
Ek Main Aur Ekk Tu,https://i.scdn.co/image/ab67616d0000b273dbde461b6d5675fac8ea50e9
Suno Aisha,https://i.scdn.co/image/ab67616d0000b273c82a4c10b28c394a59f70c0c
Tere Ho Ke Rahenge,https://i.scdn.co/image/ab67616d0000b2737878a00c1b77a9397e8364ac
Dil Dhadakne Do,https://i.scdn.co/image/ab67616d0000b2730acb5a72549287bf33b51b71
Khaabon Ke Parinday,https://i.scdn.co/image/ab67616d0000b2730acb5a72549287bf33b51b71
Sooraj Ki Baahon Mein,https://i.scdn.co/image/ab67616d0000b2730acb5a72549287bf33b51b71
Aabaad Barbaad,https://i.scdn.co/image/ab67616d0000b273b67a843ee7de84208f3e4f28
Voh Dekhnay Mein,https://i.scdn.co/image/ab67616d0000b273d9168a716dd978d5322f411a
Manchala,https://i.scdn.co/image/ab67616d0000b2732025db071cd9dd7e8023e01e
Rang Jo Lagyo,https://i.scdn.co/image/ab67616d0000b273cab73e6ac9bf4bf3c6931570
Tu Jo Mila,https://i.scdn.co/image/ab67616d0000b273e7f1ff44b74df429307f4164
Tum Ho,https://i.scdn.co/image/ab67616d0000b273d998c880f085f08c7ddeeafc
"Daaru Desi (From ""Cocktail"")",https://i.scdn.co/image/ab67616d0000b273fc41f00a5aa81b288e15a99e
,https://i.scdn.co/image/ab67616d0000b2739e1cfc756886ac782e363d79
Dekha Tenu Pehli Pehli,https://i.scdn.co/image/ab67616d0000b27321749bf8bcb731ce9d679d9f
Hosanna,https://i.scdn.co/image/ab67616d0000b2739491cd8e7a5af41b96625cdc
Jashane Bahara - Slowed And Reverb,https://i.scdn.co/image/ab67616d0000b273a818075344a730003ce1eacb
You Are My Soniya,https://i.scdn.co/image/ab67616d0000b273941eb533e845e5c2299570b9
Main Hoon Na,https://i.scdn.co/image/ab67616d0000b273e7fa423de639247fed12be4a
"Ye Ishq Hai (From ""Jab We Met"")",https://i.scdn.co/image/ab67616d0000b2737842884286c2e45e5c059c57
Maahi Ve,https://i.scdn.co/image/ab67616d0000b273a2055e0b847ff66fb5206099
,https://i.scdn.co/image/ab67616d0000b2739e1cfc756886ac782e363d79
Dil Bechara,https://i.scdn.co/image/ab67616d0000b273f3582107f127c2765fafb431
Kangna Tera Nee Slowed,https://i.scdn.co/image/ab67616d0000b273c66a97eb8e10877aa3aff92d
Mera Mann Kehne Laga,https://i.scdn.co/image/ab67616d0000b27338a1f0f963bd1fbc349dd1e6
"Haan Main Galat (From ""Love Aaj Kal"")",https://i.scdn.co/image/ab67616d0000b273f227137db875c5581f064a8a
Chaand Baaliyan,https://i.scdn.co/image/ab67616d0000b273ec4ecaa0fcf68c0966f21514
Jashn-E-Bahaaraa,https://i.scdn.co/image/ab67616d0000b27346131d4d7919c5cacd15c7d3
Ishq Wala Love,https://i.scdn.co/image/ab67616d0000b273ad40f4e70b2f2a2a6052d49d
I Love You,https://i.scdn.co/image/ab67616d0000b273f2d53fab17cc749c99c24154
Pasoori,https://i.scdn.co/image/ab67616d0000b2733f3d35703bdcd917dad51c4f
Main Teri Hoon,https://i.scdn.co/image/ab67616d0000b273858444ee5b909cb2b9f91b03
,https://i.scdn.co/image/ab67616d0000b2739e1cfc756886ac782e363d79
Pasoori Lo-fi - Slowed + Reverb,https://i.scdn.co/image/ab67616d0000b273dbfeb7c6de59f1cd88074053
Bandook Meri Laila,https://i.scdn.co/image/ab67616d0000b27310f6e20e16cfb965735480bc
Masakali,https://i.scdn.co/image/ab67616d0000b273f7c6e0a439f01c38bac5730c
Palat - Tera Hero Idhar Hai,https://i.scdn.co/image/ab67616d0000b273614a583a490e23b29821b2ed
Ullu Ka Pattha,https://i.scdn.co/image/ab67616d0000b27378b9e75e320b05a0f56d9d04
Tu Hi Junoon,https://i.scdn.co/image/ab67616d0000b273d9cc24c0d415e40d5af3c8d5
Mast Magan,https://i.scdn.co/image/ab67616d0000b273c7b8d39b1e113845906984ab
,https://i.scdn.co/image/ab67616d0000b2739e1cfc756886ac782e363d79
Ek Main Aur Ekk Tu,https://i.scdn.co/image/ab67616d0000b273dbde461b6d5675fac8ea50e9
Choomantar,https://i.scdn.co/image/ab67616d0000b273a2011a6b7f81c63c1557076d
Haareya,https://i.scdn.co/image/ab67616d0000b273d2f3f606e8d06c7a6a340a48
"Humraah (From ""Malang - Unleash The Madness"")",https://i.scdn.co/image/ab67616d0000b27340494b35d483ac255db4ce93
"Malang (Title Track) [From ""Malang - Unleash The Madness""]",https://i.scdn.co/image/ab67616d0000b27399655481a2151203ed89351d
"Afeemi (From ""Meri Pyaari Bindu "")",https://i.scdn.co/image/ab67616d0000b273f2607ce870ebc75e030e0224
Kasoor,https://i.scdn.co/image/ab67616d0000b273ae7abe97f7020d657e87bbec
Bin Tere,https://i.scdn.co/image/ab67616d0000b2731992dd7b33baf5887ea4a1ec
Kaara Fankaara,https://i.scdn.co/image/ab67616d0000b273007759a309e7364ffc5f664a
The Humma Song,https://i.scdn.co/image/ab67616d0000b273007759a309e7364ffc5f664a
Nainowale Ne,https://i.scdn.co/image/ab67616d0000b273b07fa198edaf969b74dd160a
Tere Rang,https://i.scdn.co/image/ab67616d0000b27333f7475be62b9f31fa66f1bc
Tera Rastaa Chhodoon Na,https://i.scdn.co/image/ab67616d0000b273dfd1ddf5b8431d6fc5210d6c
Aaj Jane Ki Zid Na Karo,https://i.scdn.co/image/ab67616d0000b273be29198a11ca7380b2a58c97
Sab Tera,https://i.scdn.co/image/ab67616d0000b2733f334dbf565ef4b341d36fd4
Leja Re,https://i.scdn.co/image/ab67616d0000b273f7d2a56220308f87f643ef4d
Pareshaan,https://i.scdn.co/image/ab67616d0000b273689f566242484e89e9cad22a
Mannat,https://i.scdn.co/image/ab67616d0000b273c60cc14ac9fd0dc9a30d30f3
"Ranjha (From ""Shershaah"")",https://i.scdn.co/image/ab67616d0000b27309426d9ae9d8d981735ebc5e
Main Agar Kahoon,https://i.scdn.co/image/ab67616d0000b273675b3f7dea80153c73581e5e
"Love Me Thoda Aur (From ""Yaariyan"")",https://i.scdn.co/image/ab67616d0000b2730ece3e23fc94cbc474c5264d
"Kinna Sona (From ""Marjaavaan"")",https://i.scdn.co/image/ab67616d0000b273bcfad9cdf2dadb5f5bb78ce4
,https://i.scdn.co/image/ab67616d0000b2739e1cfc756886ac782e363d79
"Chashni (From ""Bharat"")",https://i.scdn.co/image/ab67616d0000b273201f237131d85ec662121610
"Ghungroo (From ""War"")",https://i.scdn.co/image/ab67616d0000b273281650a8e8c5d04658d31ac1
"Aabaad Barbaad (From ""Ludo"")",https://i.scdn.co/image/ab67616d0000b273f338d36ff740be4cdc5ec709
Dil Diyan Gallan,https://i.scdn.co/image/ab67616d0000b273576521b1bf3ec2fd7fdfcbd5
Mere Naam Tu,https://i.scdn.co/image/ab67616d0000b273166b3c71f1338a5b72966ad8
,https://i.scdn.co/image/ab67616d0000b2739e1cfc756886ac782e363d79
Chidiya,https://i.scdn.co/image/ab67616d0000b273f04b86bf08ea4715e12f7e94
Lahu Munh Lag Gaya,https://i.scdn.co/image/ab67616d0000b273d69bb008711215f1254e3215
Kill Dil,https://i.scdn.co/image/ab67616d0000b27383a95850378de67fec5bbf3a
Tu Hai Ki Nahi,https://i.scdn.co/image/ab67616d0000b273f6371011af4c82fb31d54820
Hosanna,https://i.scdn.co/image/ab67616d0000b2739491cd8e7a5af41b96625cdc
Jab Se Tere Naina,https://i.scdn.co/image/ab67616d0000b273bd848c36d02a36a7610d9641
Dil Dooba,https://i.scdn.co/image/ab67616d0000b27318463e8c010147732c5ba7ca
Rehna Tu,https://i.scdn.co/image/ab67616d0000b273f7c6e0a439f01c38bac5730c
Akhiyaan,https://i.scdn.co/image/ab67616d0000b27352e3a807b72281cb40c08092
Jiyein Kyun,https://i.scdn.co/image/ab67616d0000b273e39388ba8eadf58476135087
Main Tumhara,https://i.scdn.co/image/ab67616d0000b273f3582107f127c2765fafb431
Dooriyan,https://i.scdn.co/image/ab67616d0000b273a13579fc87b866aa27570277
Saware,https://i.scdn.co/image/ab67616d0000b2737037561f1e7a2c5ff3cd0a38
Roke Na Ruke Naina,https://i.scdn.co/image/ab67616d0000b2737569cbe3695608074d9fd389
Aaya Na Tu,https://i.scdn.co/image/ab67616d0000b2735657e07918833e85d5a38bae
"Bolna (From ""Kapoor & Sons (Since 1921)"")",https://i.scdn.co/image/ab67616d0000b273f03c4d5b0c0669c7e14dfb24
Gumshudaa king,https://i.scdn.co/image/ab67616d0000b273e9ed5cf8685222390d82880e
Kehendi Si,https://i.scdn.co/image/ab67616d0000b273efc4c0d78a405d1250eb8240
Mehrama,https://i.scdn.co/image/ab67616d0000b273095191f6b96fd9eff585befc
Humsafar,https://i.scdn.co/image/ab67616d0000b273dfc5ea836092ec71ca7a5dcb
Beqaaboo,https://i.scdn.co/image/ab67616d0000b2738034ba22ea88a38034910fbd
Bekhayali,https://i.scdn.co/image/ab67616d0000b273c5545f737b16ad5ee767b62a
Khamoshiyan,https://i.scdn.co/image/ab67616d0000b2738d07544fddf5b7d9a1e41554
Ye Jawaani Teri,https://i.scdn.co/image/ab67616d0000b273d2f3f606e8d06c7a6a340a48
Darling,https://i.scdn.co/image/ab67616d0000b2730f9c8e314dbaab6bbcd7965c
La La La,https://i.scdn.co/image/ab67616d0000b2739213b0453a98f037f2230f3e
Ek Dafaa (Chinnamma),https://i.scdn.co/image/ab67616d0000b2737ec3b180d978fcc874bf6ad3
Why This Kolaveri Di? - The Soup of Love,https://i.scdn.co/image/ab67616d0000b2732fb9cbc9a24d3bfd090678c3
Rangisari,https://i.scdn.co/image/ab67616d0000b2731dbc540a4e3f7a7d49e08bd3
,https://i.scdn.co/image/ab67616d0000b2739e1cfc756886ac782e363d79
Yaaram,https://i.scdn.co/image/ab67616d0000b27316e91f88b00f03843fab1754
"Kesariya (From ""Brahmastra"")",https://i.scdn.co/image/ab67616d0000b273c08202c50371e234d20caf62
Radha,https://i.scdn.co/image/ab67616d0000b273ad40f4e70b2f2a2a6052d49d
Jhoom (Lofi),https://i.scdn.co/image/ab67616d0000b2739fc72de61fb7feb882e50057
,https://i.scdn.co/image/ab67616d0000b2739e1cfc756886ac782e363d79
Tum Hi Ho,https://i.scdn.co/image/ab67616d0000b2736404721c1943d5069f0805f3
Chahun Main Ya Naa,https://i.scdn.co/image/ab67616d0000b2736404721c1943d5069f0805f3
Haaye Oye (feat. Ash King),https://i.scdn.co/image/ab67616d0000b27365d44c21dd261a89fd24d50f
Sadi Gali,https://i.scdn.co/image/ab67616d0000b27388cd0451da5de305f16ae6f9
,https://i.scdn.co/image/ab67616d0000b2739e1cfc756886ac782e363d79
Titli,https://i.scdn.co/image/ab67616d0000b273dfd1ddf5b8431d6fc5210d6c
Baarishein,https://i.scdn.co/image/ab67616d0000b273d8ca783fa570b57e082f4374
Alag Aasmaan,https://i.scdn.co/image/ab67616d0000b2735d7a296e99b415bc012c03e3
Saiyaara,https://i.scdn.co/image/ab67616d0000b273a7e251b543c77a6ed356dfbe
Banke Tera Jogi,https://i.scdn.co/image/ab67616d0000b273ea07c69b16f11f7e0c09c9e1
Chor Bazari,https://i.scdn.co/image/ab67616d0000b27305a620c7e43a19d28d6da45a
Haawa Haawa,https://i.scdn.co/image/ab67616d0000b27354e544672baa16145d67612b
Alag Aasmaan (Acoustic),https://i.scdn.co/image/ab67616d0000b273500e41ab4ec4fe40f22a0b1b
Patakha Guddi,https://i.scdn.co/image/ab67616d0000b2731f4e9ecaf6913e207810093f
Patha Patha Gugu - Drill Remix,https://i.scdn.co/image/ab67616d0000b273ea700b10028a6342aeb112af
Maahi Ve,https://i.scdn.co/image/ab67616d0000b273a2055e0b847ff66fb5206099
Jadoo Ki Jhappi,https://i.scdn.co/image/ab67616d0000b273cab73e6ac9bf4bf3c6931570
Aapka Kya Hoga (Dhanno),https://i.scdn.co/image/ab67616d0000b2731111adc2ded1cffe91281507
,https://i.scdn.co/image/ab67616d0000b2739e1cfc756886ac782e363d79
Guzarish,https://i.scdn.co/image/ab67616d0000b2735b7ba7da308af447f48b9943
Bol Na Halke Halke,https://i.scdn.co/image/ab67616d0000b2737b4cb0b50580de81cce0a14b
O Re Piya,https://i.scdn.co/image/ab67616d0000b273108d10d84153ff78d2197f62
Aankhon Se Batana,https://i.scdn.co/image/ab67616d0000b27379b28ed7035877041d7b9770
Maula Mere Maula,https://i.scdn.co/image/ab67616d0000b27336163aa83c42e72684a53287
Laapata,https://i.scdn.co/image/ab67616d0000b273c52900b39ef7ae005e6ec58d
Tumse Milke Dil Ka,https://i.scdn.co/image/ab67616d0000b273e7fa423de639247fed12be4a
Jalebi Baby,https://i.scdn.co/image/ab67616d0000b27358ad3c6d598cb14b31c334dc
Naagin,https://i.scdn.co/image/ab67616d0000b27314788487d61558494ec631f7
"Jab Tak (From ""M.S.Dhoni - The Untold Story"")",https://i.scdn.co/image/ab67616d0000b273f4e88554baba207fc6878ab5
,https://i.scdn.co/image/ab67616d0000b2739e1cfc756886ac782e363d79
Sarsariya,https://i.scdn.co/image/ab67616d0000b2737656c9bbfef3806c4fe10ce8
The Horizon of Saudade,https://i.scdn.co/image/ab67616d0000b273f3582107f127c2765fafb431
Mere Samne Wali,https://i.scdn.co/image/ab67616d0000b2735cd517ab45b8fd6a9c328cf4
Aisay Kaisay,https://i.scdn.co/image/ab67616d0000b273ab5ce20a597c2e5b60347782
,https://i.scdn.co/image/ab67616d0000b2739e1cfc756886ac782e363d79
Dekha Ek Khwaab X O Meri Laila,https://i.scdn.co/image/ab67616d0000b2732e40b72ccc3db7bff6ddd966
Zakir,https://i.scdn.co/image/ab67616d0000b27379c928cfd023364d6b01ec6f
Gul,https://i.scdn.co/image/ab67616d0000b2735c0540f97b3f95e387a9b58e
Agar Tum Saath Ho,https://i.scdn.co/image/ab67616d0000b273da50894e074ecd5ce61de0a1
,https://i.scdn.co/image/ab67616d0000b2739e1cfc756886ac782e363d79
Falak Tak,https://i.scdn.co/image/ab67616d0000b273350fe52fe51edbfe385b6228
"Manike (From ""Thank God"")",https://i.scdn.co/image/ab67616d0000b273377b9c9d7c0eb54633f1256a
Sajania,https://i.scdn.co/image/ab67616d0000b273fc94e145c5c174ece06b198b
Maan Meri Jaan,https://i.scdn.co/image/ab67616d0000b27337f65266754703fd20d29854
Pipni,https://i.scdn.co/image/ab67616d0000b27390853ed444266d1d2bb55c28
Jaadugar,https://i.scdn.co/image/ab67616d0000b2731b706bbdda832bdc3f2264a0
Raja Raazi,https://i.scdn.co/image/ab67616d0000b2731b706bbdda832bdc3f2264a0
Laal Chunariya,https://i.scdn.co/image/ab67616d0000b27368c9c0d4b9e79b6e42024181
Laal Bindi,https://i.scdn.co/image/ab67616d0000b2730f239a4db336cf311a047bac
Kho Gaye,https://i.scdn.co/image/ab67616d0000b27390853ed444266d1d2bb55c28
Tera Ban Jaunga,https://i.scdn.co/image/ab67616d0000b273c5545f737b16ad5ee767b62a
Tera Yaar Hoon Main,https://i.scdn.co/image/ab67616d0000b27322927ab54277255e23fc4756
Tere Naina,https://i.scdn.co/image/ab67616d0000b2737881b6fe1d303657f9d409eb
OOPS,https://i.scdn.co/image/ab67616d0000b2732dd3f11b04f31d9acd49015b
Heer Toh Badi Sad Hai,https://i.scdn.co/image/ab67616d0000b273da50894e074ecd5ce61de0a1
Kya Say?,https://i.scdn.co/image/ab67616d0000b2739476ff2d18bfc362df2f9c08
Mera Dil Ye Pukare - Tu Aaja - Heartlock Mix,https://i.scdn.co/image/ab67616d0000b27349ba284ef0f5b658421d67b6
Rangi Saari,https://i.scdn.co/image/ab67616d0000b27368306b9b495f303159a892e3
Pehli Baar,https://i.scdn.co/image/ab67616d0000b273cff978906e5901b8efacc904
Preet Unplugged,https://i.scdn.co/image/ab67616d0000b273301293be03d810fedac87242
Skechers (feat. Badshah),https://i.scdn.co/image/ab67616d0000b2730d7df5e3626003ec9bfba1e6
Ride It (Kya Yehi Pyar Hai),https://i.scdn.co/image/ab67616d0000b27361e2aee892c41ed7f65dfca2
Shut Up & Bounce,https://i.scdn.co/image/ab67616d0000b273add6b0e45df7005a55e89c8a
Tere Pyaar Mein,https://i.scdn.co/image/ab67616d0000b273fdd4cc7defb987b4c3aa2d9e
Sunn Raha Hai (Male Version),https://i.scdn.co/image/ab67616d0000b2736404721c1943d5069f0805f3
Mera Yaar,https://i.scdn.co/image/ab67616d0000b273fd2df008046f04c32d9c0c2e
Piya Piya O Piya,https://i.scdn.co/image/ab67616d0000b273d6c9cc10073c7423ae2ea892
Lemonade,https://i.scdn.co/image/ab67616d0000b273a2e33110ef7db4c5e370a752
Bebo,https://i.scdn.co/image/ab67616d0000b273c6710b4a52539506c30e5354
Mere Khwabon Mein,https://i.scdn.co/image/ab67616d0000b2736f39da36b20a464bdc28fd21
Matru Ki Bijlee Ka Mandola,https://i.scdn.co/image/ab67616d0000b2736b557ccfbef6221130b8f0b7
Dilli - 6,https://i.scdn.co/image/ab67616d0000b273f7c6e0a439f01c38bac5730c
Ho Gaya Hai Tujhko To Pyar Sajna,https://i.scdn.co/image/ab67616d0000b2730553935df95aaa9381f4fc66
Patang,https://i.scdn.co/image/ab67616d0000b273b3969b352a6b38122086a6e7
Khidki - Acoustic,https://i.scdn.co/image/ab67616d0000b27399e29bc8c3d4e16ab49a7045
Girta Sambhalta (Extended),https://i.scdn.co/image/ab67616d0000b27325cbbc598c5c71bcf5d0d7c9
Manja,https://i.scdn.co/image/ab67616d0000b27369a161580355f33d5342dc5c
I Hate Luv Storys,https://i.scdn.co/image/ab67616d0000b2731992dd7b33baf5887ea4a1ec
,https://i.scdn.co/image/ab67616d0000b2739e1cfc756886ac782e363d79
,https://i.scdn.co/image/ab67616d0000b2739e1cfc756886ac782e363d79
"Milegi Milegi (From ""Stree"")",https://i.scdn.co/image/ab67616d0000b2736d3eb740a87b5c21d2ac345f
BIBA,https://i.scdn.co/image/ab67616d0000b273de5ce673c73ecce9b30b954f
Tune Kaha,https://i.scdn.co/image/ab67616d0000b2733214a3bb5d7728018acc90be
Tere Jaisa,https://i.scdn.co/image/ab67616d0000b27397d0e2e6d9b2be5286d438db
Main Bola Hey!,https://i.scdn.co/image/ab67616d0000b273d0ae2c7156bbb9d8ac275581
Kajra Mohabbat Wala,https://i.scdn.co/image/ab67616d0000b273ddc3bf3fed5b10fe937630fd
Dilbar,https://i.scdn.co/image/ab67616d0000b273021413d7c67b1dc8f6609ed5
Tune Maari Entriyaan,https://i.scdn.co/image/ab67616d0000b273e9c00ca1d7085a7ea56e2337
Drama Queen,https://i.scdn.co/image/ab67616d0000b273d2a26ef92bdf5494a87b720f
Prem Ki Naiyya,https://i.scdn.co/image/ab67616d0000b273c2d2a2177df997886b1a4eb9
Do Dhaari Talwaar,https://i.scdn.co/image/ab67616d0000b273a2011a6b7f81c63c1557076d
"Aithey Aa (From ""Bharat"")",https://i.scdn.co/image/ab67616d0000b273d5d4b156e8309f95f4fca1b6
"Character Dheela 2.0 (From ""Shehzada"")",https://i.scdn.co/image/ab67616d0000b273f6f93c24a9863c16cb0adeb2
Pretty Woman,https://i.scdn.co/image/ab67616d0000b2734516a5d74bac51f3afcba85a
Girl I Need You,https://i.scdn.co/image/ab67616d0000b2731859cd6adfc5a024d03bc896
,https://i.scdn.co/image/ab67616d0000b2739e1cfc756886ac782e363d79
Oh Girl You're Mine .,https://i.scdn.co/image/ab67616d0000b2731111adc2ded1cffe91281507
First Kiss,https://i.scdn.co/image/ab67616d0000b27397c994a74c1a3a81cbac226a
"Sapna Jahan (From ""Brothers"")",https://i.scdn.co/image/ab67616d0000b273471b7e4f9c2fcf92d4f1e5c1
Ddlj Theme,https://i.scdn.co/image/ab67616d0000b2739842cd603d63d30cac1392c7
Yaar Bina Chain Kanha Ray,https://i.scdn.co/image/ab67616d0000b2732ae20c5d0e1c3b778a6c2357
Joganiyan,https://i.scdn.co/image/ab67616d0000b273ca25e6d85852a6fd037a62a0
"Rasiya (From ""Brahmastra"")",https://i.scdn.co/image/ab67616d0000b273d5bc8c60d74c017ef2cfca14
Gallan Goodiyaan,https://i.scdn.co/image/ab67616d0000b273cff978906e5901b8efacc904
Dil Dhadakne Do,https://i.scdn.co/image/ab67616d0000b2730acb5a72549287bf33b51b71
Madhubala,https://i.scdn.co/image/ab67616d0000b273a2011a6b7f81c63c1557076d
Baat Ban Jaye,https://i.scdn.co/image/ab67616d0000b273830f4fa849aea3932a19b042
Sajna Ji Vaari Vaari,https://i.scdn.co/image/ab67616d0000b273a62727703ad0d5d3d2c2f01e
Dil Garden Garden Ho Gaya,https://i.scdn.co/image/ab67616d0000b273cc77fe5904f0f839e9f376c2
Dil Mein Baji Guitar,https://i.scdn.co/image/ab67616d0000b273af71d349cd9e43f1dbec9b24
Dhat Teri Ki,https://i.scdn.co/image/ab67616d0000b2734fa33110e7aa38e228fc050d
Future Mehbooba,https://i.scdn.co/image/ab67616d0000b2731298d322de3ea73c1963bfe3
Tu Saala,https://i.scdn.co/image/ab67616d0000b2735b708bc459ffb3d467596e43
"Lift Teri Bandh Hai (From ""Judwaa 2"")",https://i.scdn.co/image/ab67616d0000b27368166845814c84b0e76e2bd5
Tamma Tamma Again,https://i.scdn.co/image/ab67616d0000b273fa3617fcd0dd0f23e7174219
Saat Samundar Paar Happy,https://i.scdn.co/image/ab67616d0000b27342836fa8ccdbd455fc28906b
Premika,https://i.scdn.co/image/ab67616d0000b27323b8831524517331aa80b877
Disco Disco,https://i.scdn.co/image/ab67616d0000b273b91af7f193643ba849e6211a
Dhunki,https://i.scdn.co/image/ab67616d0000b273a2011a6b7f81c63c1557076d
Rock N Roll Soniye,https://i.scdn.co/image/ab67616d0000b273afbf50bfb7b032b69deabade
Tere Mere Beech Mein,https://i.scdn.co/image/ab67616d0000b273cd022bb452b37afb20d7fa69
Hungamaa Ho Gaya,https://i.scdn.co/image/ab67616d0000b273223763756beb4914c2326f5e
"Naa Jaane (From ""I, Me Aur Main"")",https://i.scdn.co/image/ab67616d0000b2733f77b9d55a070d6aa58c52e4
Aane Do,https://i.scdn.co/image/ab67616d0000b27379a50a3b84a083b19a4f83de
Gaayab,https://i.scdn.co/image/ab67616d0000b273ffdb66e17990dd16b558a506
Mitwa,https://i.scdn.co/image/ab67616d0000b273afbf50bfb7b032b69deabade
Le Gayi,https://i.scdn.co/image/ab67616d0000b273b96494dc6eaedc90919365df
Iraaday,https://i.scdn.co/image/ab67616d0000b27319798eaffbc037d3a21dcf37
"Ek Ladki Bheegi Bhagi Si - From ""Chalti Ka Naam Gaadi""",https://i.scdn.co/image/ab67616d0000b2736f116e3aba2e893cb09f6068
Aankhein Khuli,https://i.scdn.co/image/ab67616d0000b27305a0d368c0fbf69c9a76bc81
Bye,https://i.scdn.co/image/ab67616d0000b273a6cb8fab778e1efc406a5909
Dilbara,https://i.scdn.co/image/ab67616d0000b273be59ee6ec9407779e9b0aa41
Tere Bin,https://i.scdn.co/image/ab67616d0000b273c17a7c5bbbdd1a932b0402ba
Apna Bana Le - Slowed + Reverbed,https://i.scdn.co/image/ab67616d0000b2738b5589ef64131e566bdd2d61
Malang Sajna,https://i.scdn.co/image/ab67616d0000b273e4be675de3a03b2ad2552c6d
Dream Girl,https://i.scdn.co/image/ab67616d0000b273297245e15c7f7f8f779f870c
Lag Ja Gale Se Phir,https://i.scdn.co/image/ab67616d0000b2736f39da36b20a464bdc28fd21
Premika Ne Pyar Se,https://i.scdn.co/image/ab67616d0000b27374b606c1d7f9c8b6f1ea6f8f
It's the Time to Disco,https://i.scdn.co/image/ab67616d0000b273a2055e0b847ff66fb5206099
Dil To Bachcha Hai,https://i.scdn.co/image/ab67616d0000b27323ab22507817d5981ebb2f47
Darmiyaan,https://i.scdn.co/image/ab67616d0000b2737a84d0303dd4111cd5b3b63a
Aadmi Chutiya Hai,https://i.scdn.co/image/ab67616d0000b273305b9c872312e6fac4071d08
Tippa,https://i.scdn.co/image/ab67616d0000b2734dd5669f34febb5105af1d68
Aye Udi Udi Udi,https://i.scdn.co/image/ab67616d0000b273fb2bce3c5716f9bd1f0aaad7
Ranjha - Sid X Kiara Wedding Version,https://i.scdn.co/image/ab67616d0000b273c0d87382a466a284b7dcd016
Jhoom,https://i.scdn.co/image/ab67616d0000b27343fd559a6c9836a3f47e535f
Bulleya,https://i.scdn.co/image/ab67616d0000b273bca30634e6cad10b97c03d21
Chaandaniya,https://i.scdn.co/image/ab67616d0000b273c7b8d39b1e113845906984ab
Sanak,https://i.scdn.co/image/ab67616d0000b27374567e1ea8de537e6e4500fc
"Hothon Se Chhu Lo Tum - From ""Prem Geet""",https://i.scdn.co/image/ab67616d0000b273b5eba194cd2f743be9a0f87b
Saathiya,https://i.scdn.co/image/ab67616d0000b273fb2bce3c5716f9bd1f0aaad7
Love At First Sight (Title Music),https://i.scdn.co/image/ab67616d0000b27324bb8c348400c9f261e25c70
Barso Re,https://i.scdn.co/image/ab67616d0000b2730504fdf58bae8cd52dd13047
Tere Bina,https://i.scdn.co/image/ab67616d0000b2730504fdf58bae8cd52dd13047
Kabira,https://i.scdn.co/image/ab67616d0000b273707ea5b8023ac77d31756ed4
Muskaanein Jhooti Hai,https://i.scdn.co/image/ab67616d0000b273e8acd7446270164f4806f9d2
Yeh Mera Dil Yaar Ka Diwana,https://i.scdn.co/image/ab67616d0000b273c825f5f49ad63e0e449127b9
"Aafat (From ""Liger"")",https://i.scdn.co/image/ab67616d0000b273e08cabe66ea7eb6d75714d10
"Baby Tujhe Paap Lagega (From ""Zara Hatke Zara Bachke"")",https://i.scdn.co/image/ab67616d0000b273661c45df3f154ceee81fd07e
"Issa Vibe (From ""Bloody Daddy"")",https://i.scdn.co/image/ab67616d0000b27370062fb9a84d18349db07481
Katiya Karun,https://i.scdn.co/image/ab67616d0000b27354e544672baa16145d67612b
Ham Ne Tum Ko Dekha,https://i.scdn.co/image/ab67616d0000b27341e9d640483a9dce60494b05
"What Jhumka ? (From ""Rocky Aur Rani Kii Prem Kahaani"")",https://i.scdn.co/image/ab67616d0000b273a363fadc8b0dfbeea80b240a
Jhoomka Gira Re,https://i.scdn.co/image/ab67616d0000b2735988d610be0346d6cea48682
Aajkal Tere Mere Pyar Ke Charche,https://i.scdn.co/image/ab67616d0000b273b348db1caa9347eb98fe6b93
Kajra Mohabbat Wala,https://i.scdn.co/image/ab67616d0000b273ddc3bf3fed5b10fe937630fd
Mere Samnewali Khidki Mein,https://i.scdn.co/image/ab67616d0000b2736bf7a20d007ecb95c3a01d0c
Mere Sapnon Ki Rani,https://i.scdn.co/image/ab67616d0000b2736f116e3aba2e893cb09f6068
"Tera Mujhse - From ""Aa Gale Lag Jaa""",https://i.scdn.co/image/ab67616d0000b273ac731c8e3330ede2816c17a2
"Jab Koi Baat Bigad Jaye (From ""Jurm"")",https://i.scdn.co/image/ab67616d0000b273cf03fbef62312d90fe5b2173
Uden Jab Jab Zulfen Teri,https://i.scdn.co/image/ab67616d0000b27303b736e46faf01448d1335e2
Lucky Boy,https://i.scdn.co/image/ab67616d0000b273a08c7022ea424b2f048b46e9
Heer,https://i.scdn.co/image/ab67616d0000b2731efbf8b77e571388b3520f72
Daawat-e-Ishq,https://i.scdn.co/image/ab67616d0000b273014b802e3b25d017a1046193
Samjho Na,https://i.scdn.co/image/ab67616d0000b27361589325f2ee1797c6527512
Heeriye (feat. Arijit Singh),https://i.scdn.co/image/ab67616d0000b2734a60872ae145776164540a7f
Lucky Tu Lucky Me,https://i.scdn.co/image/ab67616d0000b273118f1494d8f5ebea6cd5e20d
Beqarar Karke Hamen Yun Na Jaiye,https://i.scdn.co/image/ab67616d0000b273958c99a9f56cdf0a18c20f29
Jigar Da Tukda,https://i.scdn.co/image/ab67616d0000b273ab14def19a5dc364cb191342
Dum Dum,https://i.scdn.co/image/ab67616d0000b273189300e11cd997c83356d85f
Shuddh Desi Romance,https://i.scdn.co/image/ab67616d0000b273b142294d7adcc8e4f599fe87
Kabhi Kabhi Aditi,https://i.scdn.co/image/ab67616d0000b273abf91851997179d195afab5f
Kun Faya Kun,https://i.scdn.co/image/ab67616d0000b273db3bc20de33730b582169c87
"Chaleya (From ""Jawan"")",https://i.scdn.co/image/ab67616d0000b27360dbbb589dff0c57a3a4ffb2
Pal Pal Har Pal,https://i.scdn.co/image/ab67616d0000b2733dbcf71014fd342f6e78031a
Bikhra,https://i.scdn.co/image/ab67616d0000b273778d1df115679f85768bed2f
Farq hai,https://i.scdn.co/image/ab67616d0000b27341457657dfc4e6268ae82b98
Sabse Pehle Hai Pyar - Lofi,https://i.scdn.co/image/ab67616d0000b273562017653efc469e0a8ea128
Yeh Raaten Yeh Mausam,https://i.scdn.co/image/ab67616d0000b27350b9cde3cc22c4c98a4d7139
Labon Ko,https://i.scdn.co/image/ab67616d0000b2734cfe2d352da6d7910961377f
Shayarana,https://i.scdn.co/image/ab67616d0000b273014b802e3b25d017a1046193
Jhumritalaiyya,https://i.scdn.co/image/ab67616d0000b273825ddcb304eec7ac781f4d4b
Tose Naina,https://i.scdn.co/image/ab67616d0000b27376d18b5a17bd977a9a87551b
Rang Lageya,https://i.scdn.co/image/ab67616d0000b2731dda544f66f0eef95f7168ee
Saiyyan,https://i.scdn.co/image/ab67616d0000b273cd3f6c3c2f2aa9b76fe635b1
Teri Deewani,https://i.scdn.co/image/ab67616d0000b273a853b902decce7830d171841
Ek Din Aap,https://i.scdn.co/image/ab67616d0000b2730f0e4b68ed5159c70422c18f
"Valam (From ""Made in China"")",https://i.scdn.co/image/ab67616d0000b2739a5b8a9407b65bac8894fa0c
"Nasha (From ""Sukhee"")",https://i.scdn.co/image/ab67616d0000b273f9e67c561b495c684bc289ef
Tere Hawaale,https://i.scdn.co/image/ab67616d0000b273336a3ce27714f4f4999da39d
Jeena Jeena,https://i.scdn.co/image/ab67616d0000b273a1c86fab5027418418f3f061
Kaisi Paheli Zindagani,https://i.scdn.co/image/ab67616d0000b273db8153f339baece275dbe9d4
"Hua Main (From ""ANIMAL"")",https://i.scdn.co/image/ab67616d0000b273ac2f40efa7f20f169acfb46f
Main Koi Aisa Geet Gaoon,https://i.scdn.co/image/ab67616d0000b273e502f2e2b6e5560e2f67208c
Saigal Blues,https://i.scdn.co/image/ab67616d0000b2732e3ef294a52273479125a63c
Saaiyaan,https://i.scdn.co/image/ab67616d0000b273c04698b442ee9fbb3c4cbbe1
Apna Bana Le,https://i.scdn.co/image/ab67616d0000b273c7b32b2ebd1ed948c9e7e5c5
Rabba,https://i.scdn.co/image/ab67616d0000b2732317f776cff461790cba7222
"Karle Jugaad Karle (From ""Fukrey"")",https://i.scdn.co/image/ab67616d0000b273e966b6282eda14df763d43a0
Urvashi Urvashi,https://i.scdn.co/image/ab67616d0000b27374b606c1d7f9c8b6f1ea6f8f
Shubhaarambh,https://i.scdn.co/image/ab67616d0000b2736a942b2b8ec9c67ef5512287
Aaj Se Teri,https://i.scdn.co/image/ab67616d0000b2736b652c887eea91470f495eca
Pashmina,https://i.scdn.co/image/ab67616d0000b273b99c0e6b9bf5ba4da74e816d
Yeh Fitoor Mera,https://i.scdn.co/image/ab67616d0000b273b99c0e6b9bf5ba4da74e816d
Kalank - Title Track,https://i.scdn.co/image/ab67616d0000b2739eb6c1861d8c058e7052df1e
Zaalima,https://i.scdn.co/image/ab67616d0000b273fced3ea9af59ad98c142279e
Udi Udi Jaye,https://i.scdn.co/image/ab67616d0000b273fced3ea9af59ad98c142279e
Dariya,https://i.scdn.co/image/ab67616d0000b273edfe45782ad611717d77b2ee
Nachde Ne Saare,https://i.scdn.co/image/ab67616d0000b273edfe45782ad611717d77b2ee
Sau Aasmaan,https://i.scdn.co/image/ab67616d0000b273edfe45782ad611717d77b2ee
"Hone Do Jo Hota Hai - From ""Kho Gaye Hum Kahan""",https://i.scdn.co/image/ab67616d0000b273f045d46ce52c8f88beb9401a
Gajra,https://i.scdn.co/image/ab67616d0000b27385e5454ba2e48e51099b5a65
Chhalka Chhalka Re,https://i.scdn.co/image/ab67616d0000b273fb2bce3c5716f9bd1f0aaad7
Mangalayam,https://i.scdn.co/image/ab67616d0000b273fb2bce3c5716f9bd1f0aaad7
Pehla Nasha,https://i.scdn.co/image/ab67616d0000b2733b1a73787cb4c73ddc92b302
Navrai Maajhi,https://i.scdn.co/image/ab67616d0000b273ca3789155cdfd0abdc9ad225
Chhan Ke Mohalla,https://i.scdn.co/image/ab67616d0000b273d278ff3936ad81ae44503b98
Zindagi Ek Safar Hai Suhana - Kishore Kumar,https://i.scdn.co/image/ab67616d0000b273987fd761f365f051050c9efe
Yeh Vaada Raha - Tu Tu Hai Wahi / From “Yeh Vaada Raha”,https://i.scdn.co/image/ab67616d0000b273daf22399a86239fdb2fe002d
Intaha Ho Gai Intezar Ki,https://i.scdn.co/image/ab67616d0000b273420c2b919ecbcc95a42c3db5
"Teri Yeh Baatein - From ""Kho Gaye Hum Kahan""",https://i.scdn.co/image/ab67616d0000b27389fd8b18b6701f71e038d9a2
"Kho Gaye Hum Kahan - From ""Kho Gaye Hum Kahan""",https://i.scdn.co/image/ab67616d0000b27389fd8b18b6701f71e038d9a2
Tainu Leke,https://i.scdn.co/image/ab67616d0000b27380cb44e037bdc5dd5bcace15
Jane Woh Kaise Log The,https://i.scdn.co/image/ab67616d0000b273958c99a9f56cdf0a18c20f29
Ye Dil Tum Bin Lagta Nahin,https://i.scdn.co/image/ab67616d0000b273f18c8eec4b994fef994d3ea9
Manjha,https://i.scdn.co/image/ab67616d0000b273f8012d84bc6cde0bf0f8a3b9
"Dil Se Dil Tak (From ""Bawaal"")",https://i.scdn.co/image/ab67616d0000b273bdbfa224f9c1f5c657c4250e
"Aap Jaisa Koi - From ""Qurbani""",https://i.scdn.co/image/ab67616d0000b273ce5864d4767fda884fdf6349
Kay Sera Sera,https://i.scdn.co/image/ab67616d0000b2734bdaa9e52dc96a9def7a083b
Latoo,https://i.scdn.co/image/ab67616d0000b2735b7ba7da308af447f48b9943
Nazdeekiyaan,https://i.scdn.co/image/ab67616d0000b273ad6a2ff03cd27ae95354c34d
Jawani Jan-E-Man,https://i.scdn.co/image/ab67616d0000b273a20620286dc4223fd6877ba1
Sukoon Mila,https://i.scdn.co/image/ab67616d0000b273fd2824249c4df9c5f8aa543c
Right Here Right Now,https://i.scdn.co/image/ab67616d0000b273bb31ee7f9507621c548f1ec2
Dil Dance Maare,https://i.scdn.co/image/ab67616d0000b273350fe52fe51edbfe385b6228
Tang Mujhko,https://i.scdn.co/image/ab67616d0000b273db2b8e04d5163c2aa0864765
Kammo Ji,https://i.scdn.co/image/ab67616d0000b273ebbf1359e6c4ce7a40e30311
Pahal,https://i.scdn.co/image/ab67616d0000b2730a623051ef70a9d6972ed582
Tareekhi,https://i.scdn.co/image/ab67616d0000b27331f6361593a7179523d77385
Namo Namo,https://i.scdn.co/image/ab67616d0000b273c65eb44f9039e006247ef8f7
"Akhiyaan Gulaab (From ""Teri Baaton Mein Aisa Uljha Jiya"")",https://i.scdn.co/image/ab67616d0000b27352e3a807b72281cb40c08092
Taal Se Taal,https://i.scdn.co/image/ab67616d0000b27398754a3b7cbff68a9ccbd5de
Jaanam Samjha Karo,https://i.scdn.co/image/ab67616d0000b2739cf82f37b61c3b8f3aeb476a
"Sajni (From ""Laapataa Ladies"")",https://i.scdn.co/image/ab67616d0000b273d5f4378b1ffc9119fdc7306d
Ruki Sukhi Roti,https://i.scdn.co/image/ab67616d0000b27374f7728e935de4666f7db971
Namak,https://i.scdn.co/image/ab67616d0000b27372ee382c4f44cbf1c31ee5a9
Piyu Bole,https://i.scdn.co/image/ab67616d0000b273db8153f339baece275dbe9d4
nadaaniyan,https://i.scdn.co/image/ab67616d0000b273adff87184871346c715be4c7
Soulmate,https://i.scdn.co/image/ab67616d0000b2732e92f776279eaf45d14a33fd
Tujhe Bhula Diya,https://i.scdn.co/image/ab67616d0000b2731da0a37c5bad81580d49ef05
"Tu Hi Re - From ""Bombay""",https://i.scdn.co/image/ab67616d0000b273a14cd8823a92895e7140eab8
Daryaa,https://i.scdn.co/image/ab67616d0000b273cccc0c0c9fb71dabc14f98f7
Gun Gun Guna,https://i.scdn.co/image/ab67616d0000b273c67636f3021f5869095c0fc5
Sajde,https://i.scdn.co/image/ab67616d0000b2737e68b567e5db969d3b7dd9be
Crazy Kiya Re,https://i.scdn.co/image/ab67616d0000b2739859a7426073d15abd554720
Blockbuster,https://i.scdn.co/image/ab67616d0000b2739742a327795c8c656d4c436d
"Tehas Nehas - From ""Khaali Peeli""",https://i.scdn.co/image/ab67616d0000b273a89220a0a2d609f8e2e9ef64
Chaiyya Chaiyya,https://i.scdn.co/image/ab67616d0000b2734e2aa94e199e50bc8e10646f
Duh,https://i.scdn.co/image/ab67616d0000b273b0bc517f6cfb0f5abc1b4743
O'Meri Laila - Radio Version,https://i.scdn.co/image/ab67616d0000b273fc8c4535825cdc0bcafde19a
"Tera Naam Japdi Phiran - Version, 1",https://i.scdn.co/image/ab67616d0000b273347c0ed05d0fc9392c7d883e
Teri Yaadon Mein,https://i.scdn.co/image/ab67616d0000b2731b79f578c973abf93d5d4dbc
Bhare Naina,https://i.scdn.co/image/ab67616d0000b27344aa56e23e3a89802e6c6347
Haan Ke Haan,https://i.scdn.co/image/ab67616d0000b27328d1993af511ae93aa60b22a
Piya Ghar Aavenge,https://i.scdn.co/image/ab67616d0000b2731feb65f70411171708b63d8c
Hafiz Hafiz,https://i.scdn.co/image/ab67616d0000b273fc8c4535825cdc0bcafde19a
Sooiyan,https://i.scdn.co/image/ab67616d0000b2738c4fc63bb376d0d3d2b45391
Bairiyaa,https://i.scdn.co/image/ab67616d0000b273cab73e6ac9bf4bf3c6931570
Kaise Mein Kahun Tujhse,https://i.scdn.co/image/ab67616d0000b273890771e9c8274f7802d26d25
Gallan 4,https://i.scdn.co/image/ab67616d0000b27321f22393aa9fd4b1fc929841
Shaayraana,https://i.scdn.co/image/ab67616d0000b273fd2824249c4df9c5f8aa543c
Chori Kiya Re Jiya,https://i.scdn.co/image/ab67616d0000b273a7bde34c6c6c7441a278837d
Tere Naina,https://i.scdn.co/image/ab67616d0000b2737881b6fe1d303657f9d409eb
"Paththavaikkum (From ""Devara Part 1"")",https://i.scdn.co/image/ab67616d0000b2732b4185706c90b7f1435496c8
Kannazhaga - The Kiss of Love,https://i.scdn.co/image/ab67616d0000b2730d66934f5370419636c78f18
Meri Jaan,https://i.scdn.co/image/ab67616d0000b273ad19b236a07df70c12dc38ef
Ishq Shava,https://i.scdn.co/image/ab67616d0000b2731efbf8b77e571388b3520f72
Saans,https://i.scdn.co/image/ab67616d0000b2731efbf8b77e571388b3520f72
"Kangal Edho - From ""Chithha""",https://i.scdn.co/image/ab67616d0000b27338866acf960028e6a5bb4e6c
Tujh Mein Rab Dikhta Hai - II,https://i.scdn.co/image/ab67616d0000b2731555fec10000486f9331fbc8
Khaamakha,https://i.scdn.co/image/ab67616d0000b2732603a939eec27fc90c962419
Holdin’ On,https://i.scdn.co/image/ab67616d0000b2736f107b07f3a8fb66a7819df8
My Dil Goes Mmmm,https://i.scdn.co/image/ab67616d0000b2733407f760b091d7b668ad9d22
Ramta Jogi,https://i.scdn.co/image/ab67616d0000b27398754a3b7cbff68a9ccbd5de
Ittefaq,https://i.scdn.co/image/ab67616d0000b2735717787913feeb6db0f09956
Badri Ki Dulhania (Title Track),https://i.scdn.co/image/ab67616d0000b273fa3617fcd0dd0f23e7174219
Maye Ni Maye,https://i.scdn.co/image/ab67616d0000b273779063301154e835a91a35e0
Ishq Hai,https://i.scdn.co/image/ab67616d0000b27379f4a87c23143f0abb14c279
Say Na Say Na,https://i.scdn.co/image/ab67616d0000b273640dfe47de13c26ccc41e8ab
Sajania,https://i.scdn.co/image/ab67616d0000b273fc94e145c5c174ece06b198b
Jaanam,https://i.scdn.co/image/ab67616d0000b2739cf82f37b61c3b8f3aeb476a
Do Pall,https://i.scdn.co/image/ab67616d0000b2731d9d5dc54ac1752ea7b6f234
Finding Her,https://i.scdn.co/image/ab67616d0000b27383141000ee8ce3b893a0b425
Sahiba,https://i.scdn.co/image/ab67616d0000b2730a47bbe7141fdfe0eb2cdba7
Pehli Nazar Mein,https://i.scdn.co/image/ab67616d0000b273a0174ac9f29d0d48d76c3e00
"Jugraafiya - From ""Super 30""",https://i.scdn.co/image/ab67616d0000b273e76275da5828d6f937c3bcf3
Fanaa,https://i.scdn.co/image/ab67616d0000b273060c9e78dae4006109209115
Jaan 'Nisaar,https://i.scdn.co/image/ab67616d0000b273c65eb44f9039e006247ef8f7
Manmarziyan,https://i.scdn.co/image/ab67616d0000b2730e26db222796cf4207425abc
Monta Re,https://i.scdn.co/image/ab67616d0000b2730e26db222796cf4207425abc
Meethi Boliyaan,https://i.scdn.co/image/ab67616d0000b2736a942b2b8ec9c67ef5512287
Paaro,https://i.scdn.co/image/ab67616d0000b2730961aa2e7a0495294eb329e3
Aaila Re Ladki Mast Mast,https://i.scdn.co/image/ab67616d0000b273114848d09a57897710b7ec07
"Ishq Mein (From ""Nadaaniyan"")",https://i.scdn.co/image/ab67616d0000b273fb7d9bc3c3f4940287e2819a
Udi,https://i.scdn.co/image/ab67616d0000b27355011be0e63c99b36bf99c5b
Tere Liye,https://i.scdn.co/image/ab67616d0000b27378109adafee981634990753a
Javeda Zindagi-Tose Naina Lage,https://i.scdn.co/image/ab67616d0000b27336163aa83c42e72684a53287
Dilko Tumse Pyar Hua,https://i.scdn.co/image/ab67616d0000b273890771e9c8274f7802d26d25
Chaudhary,https://i.scdn.co/image/ab67616d0000b27327c59173f1d904947229613f
Chudi,https://i.scdn.co/image/ab67616d0000b2735f8c3a477c44a16f8d0e7330
Obsessed,https://i.scdn.co/image/ab67616d0000b273a9e20a20b9fc607d81f9c335
Surili Akhiyon Wale,https://i.scdn.co/image/ab67616d0000b273e3c3b06a8acf1941605cee41
Hey Shona,https://i.scdn.co/image/ab67616d0000b273ae7fac16cc9e47edb2cd687c
Admirin' You (feat. Preston Pablo),https://i.scdn.co/image/ab67616d0000b273bb25239324c4e16ae01fda36
Lover,https://i.scdn.co/image/ab67616d0000b273be1e41eda793059fb9129bff
Mi Amor,https://i.scdn.co/image/ab67616d0000b273a6f8106a0bf5ffa5fca2277b
Kinni Kinni,https://i.scdn.co/image/ab67616d0000b273cb2f9520171129a3df7a241a
Gubbare,https://i.scdn.co/image/ab67616d0000b273dbde461b6d5675fac8ea50e9
Tu Meri,https://i.scdn.co/image/ab67616d0000b273058494835ee23ad6104f81f2
Allah Maaf Kare,https://i.scdn.co/image/ab67616d0000b273daa89593cc2cde9651665d03
Tum Jo Aaye,https://i.scdn.co/image/ab67616d0000b273df934f4de5f8dd46f8d75f5f
Samjho Na,https://i.scdn.co/image/ab67616d0000b27361589325f2ee1797c6527512
Jiya,https://i.scdn.co/image/ab67616d0000b2731efbf8b77e571388b3520f72
Nazm Nazm,https://i.scdn.co/image/ab67616d0000b273eed7385eaba31b4b644c0cc2
Shaam Shaandaar,https://i.scdn.co/image/ab67616d0000b273ad6a2ff03cd27ae95354c34d
440 Volt,https://i.scdn.co/image/ab67616d0000b273b2abfd2439b6c23c3664df87
"Palat - Tera Hero Idhar Hai (From ""Main Tera Hero"")",https://i.scdn.co/image/ab67616d0000b273614a583a490e23b29821b2ed
Dekha Ek Khwab - II,https://i.scdn.co/image/ab67616d0000b273d668a5ba24a15110c8ab6a1d
Dhan Te Nan,https://i.scdn.co/image/ab67616d0000b273697900b24eb6e48a78923d98
Dhichkyaaon Doom Doom 1,https://i.scdn.co/image/ab67616d0000b273642aa6eaf64f4a99532ea5bf
Bin Tere Sanam,https://i.scdn.co/image/ab67616d0000b273c1524360a5861632659fb932
Parda Hata Do - Trap Mix,https://i.scdn.co/image/ab67616d0000b273de61331c267164e3dddcc29d
Gela Gela Gela,https://i.scdn.co/image/ab67616d0000b2735b4a54199067f730270fdfd5
Koi Shahari Babu,https://i.scdn.co/image/ab67616d0000b27386208d1cc68920db5ac5f747
Ho Gaya Hai Tujhko To Pyar Sajna,https://i.scdn.co/image/ab67616d0000b2730553935df95aaa9381f4fc66
Meri Gajina,https://i.scdn.co/image/ab67616d0000b273e2c471e2d8ad9c5bb7710232
Mere Haath Mein,https://i.scdn.co/image/ab67616d0000b273d2be316742edcc853ea55141
The Making Of Main Yahaan Hoon,https://i.scdn.co/image/ab67616d0000b27352762446bc2151705d3f9546
Magic | Coke Studio Bharat,https://i.scdn.co/image/ab67616d0000b27335007bd796b1020b6f1fd816
Taash,https://i.scdn.co/image/ab67616d0000b273578840e58b875606810f73ba
Pal Pal,https://i.scdn.co/image/ab67616d0000b273236d0c72c9c3cbbfa15dd208
Jhol - Acoustic,https://i.scdn.co/image/ab67616d0000b2734e84dbc51038df1a3b143d90
Paro,https://i.scdn.co/image/ab67616d0000b273d1665fcec1e2692c09d922b7
Nasamajh,https://i.scdn.co/image/ab67616d0000b27334bd3b968e0026a8bc10e5f5
Abhi Kuch Dino Se,https://i.scdn.co/image/ab67616d0000b273b4e0221394af47af99c78eb3
Teri Yaad,https://i.scdn.co/image/ab67616d0000b273918f5c171817c39252f14c48
Nasha (Equals Sessions),https://i.scdn.co/image/ab67616d0000b27326747fd1bdb033f08f2632fb
Bheegi Bheegi Raaton Mein,https://i.scdn.co/image/ab67616d0000b2736f39da36b20a464bdc28fd21
Baazigar O Baazigar,https://i.scdn.co/image/ab67616d0000b27335a839c5808966662af8a2b4
"Gale Lag Ja Na Ja (From ""De Dana Dan"")",https://i.scdn.co/image/ab67616d0000b2735775a86c03aec79b8977be01
Whistle Baja,https://i.scdn.co/image/ab67616d0000b2738335191e34494e7f6061bd71
Baati Hum,https://i.scdn.co/image/ab67616d0000b273f8bdaaa1f4607dfac210eda0
Humnava,https://i.scdn.co/image/ab67616d0000b273b0f9ceb59927ab76fe6269be
Saans Reprise,https://i.scdn.co/image/ab67616d0000b2731efbf8b77e571388b3520f72
Achchi Lagti Ho,https://i.scdn.co/image/ab67616d0000b27320669f39d41465e1f698ddf9
Dil Tu Hi Bataa,https://i.scdn.co/image/ab67616d0000b273c1b12ad55c27bf87fce44489
Baarish,https://i.scdn.co/image/ab67616d0000b273aca529b2fdfaabf2f50fc9e3
Chura Liya Hai Tumne Jo Dil Ko,https://i.scdn.co/image/ab67616d0000b27381c79777aa54ad14e6685d64
Tinka Tinka,https://i.scdn.co/image/ab67616d0000b2730a85a24b8a9f06b130b828fd
Judaai,https://i.scdn.co/image/ab67616d0000b273a1c86fab5027418418f3f061
Peecha Chhute,https://i.scdn.co/image/ab67616d0000b273cab73e6ac9bf4bf3c6931570
Raadha,https://i.scdn.co/image/ab67616d0000b2739074b995942f4599b942b35f
"Bhama Meri x Rumatiye, Uttarakhand and Himachal Mashup - Acoustic Cover",https://i.scdn.co/image/ab67616d0000b273b3f0deea9e50dfe5a061c443
Hale Dil,https://i.scdn.co/image/ab67616d0000b2732432edc97b465e6db54d356b
Kharch Karod (Slow),https://i.scdn.co/image/ab67616d0000b273c2f0dca582648e99c9533094
Long Drive,https://i.scdn.co/image/ab67616d0000b273ee07023115f822012390d2a0
One Love,https://i.scdn.co/image/ab67616d0000b2733e511ed894fc394063b34649
Radhakrishna Naamawali Chant,https://i.scdn.co/image/ab67616d0000b273ab23214127e194fa30bb7d70
Nadaan Parinde,https://i.scdn.co/image/ab67616d0000b27354e544672baa16145d67612b
"Jo Bhi Main (From ""Rockstar"")",https://i.scdn.co/image/ab67616d0000b2730e58590d69c1254f6dca7d0a
Teri Jhuki Nazar,https://i.scdn.co/image/ab67616d0000b273947e9127982f21bf5504e1f8
Mann Mera - Original Version,https://i.scdn.co/image/ab67616d0000b2730be94602b5b22cbe139a366b
Saaiyaan,https://i.scdn.co/image/ab67616d0000b273c04698b442ee9fbb3c4cbbe1
Bhage Re Mann,https://i.scdn.co/image/ab67616d0000b273db065746f99e0572f2c26d70
Adayein Teri,https://i.scdn.co/image/ab67616d0000b2738e127ae0e135ea479f4529b1
Dum-A-Dum,https://i.scdn.co/image/ab67616d0000b27309d4dbbbc838706548b85d4a
Kaisi Paheli Zindagani,https://i.scdn.co/image/ab67616d0000b273db8153f339baece275dbe9d4
"Patola (From ""Blackmail"")",https://i.scdn.co/image/ab67616d0000b273168257ab5f4cf1ec420bea3a
"Care Ni Karda (From ""Chhalaang"")",https://i.scdn.co/image/ab67616d0000b273b16f6cf0a387381d737d0c55
Baamulaiza,https://i.scdn.co/image/ab67616d0000b273fdfb5a9874443a0e39febd7d
Ye Samaa Samaa Hai Pyar Ka,https://i.scdn.co/image/ab67616d0000b273d94ea9afe96ede4f8d48ebe8
Kahin To,https://i.scdn.co/image/ab67616d0000b273abf91851997179d195afab5f
Mere Mehboob Qayamat Hogi,https://i.scdn.co/image/ab67616d0000b2736f116e3aba2e893cb09f6068
Ham Tere Pyar Mein,https://i.scdn.co/image/ab67616d0000b273981abf87c8cb42257a5f5cac
Mor Bani Thanghat Kare,https://i.scdn.co/image/ab67616d0000b273d69bb008711215f1254e3215
Chand Si Mehbooba Ho Meri,https://i.scdn.co/image/ab67616d0000b273e0e571a2479687842853c6e6
Ek Hasina Thi Ek Diwana Tha - Jhankar Beats,https://i.scdn.co/image/ab67616d0000b273a3cacb37af0fb62b1473bd1d
Karz Theme (Guitar Instrumental),https://i.scdn.co/image/ab67616d0000b273ee1d2e1087cbec4afcb8a4a0
Unakkul Naane,https://i.scdn.co/image/ab67616d0000b273cc58748b8cc0c1c449ca3c7f
Mujhse Shaadi Karogi,https://i.scdn.co/image/ab67616d0000b2731627c9b73fb3ccc0f8b89187
Tujhe Dekha To,https://i.scdn.co/image/ab67616d0000b2730553935df95aaa9381f4fc66
Ittefaq Se - Raat Baaki,https://i.scdn.co/image/ab67616d0000b2734e487f497aa33f6f65dbd299
Rimjhim Gire Sawan,https://i.scdn.co/image/ab67616d0000b273a2bd93f2ef2276223a936bd6
Mohabbat,https://i.scdn.co/image/ab67616d0000b273de7d2180126a4b16609a9f86
Admirin' You - Unplugged,https://i.scdn.co/image/ab67616d0000b273cc16066bb1a3aa1507959794
Dil Haara,https://i.scdn.co/image/ab67616d0000b273350fe52fe51edbfe385b6228
Peechay Hutt,https://i.scdn.co/image/ab67616d0000b2739955ac36b14137acf81cd89c
Players,https://i.scdn.co/image/ab67616d0000b2735626453d29a0124dea22fb1b
Junoon,https://i.scdn.co/image/ab67616d0000b273f338c5d50d3cd2392028f0b1
Ishq Bawla | Coke Studio Bharat,https://i.scdn.co/image/ab67616d0000b273f42805148e916145f858318b
Sanun Nahar Wale Pool,https://i.scdn.co/image/ab67616d0000b273a7e0e17343519993d49a897d
Mujh Se Pehli Si Mohbat - Original Mix,https://i.scdn.co/image/ab67616d0000b2735c880b68037080c508538b84
"Aasa Kooda - From ""Think Indie""",https://i.scdn.co/image/ab67616d0000b27374a555ea03b0844b1e1d4513
Gajina Live (Pandavaas),https://i.scdn.co/image/ab67616d0000b273965eb016dff70a2b6aad2c9e
Behka,https://i.scdn.co/image/ab67616d0000b2735b7ba7da308af447f48b9943
Humsafar,https://i.scdn.co/image/ab67616d0000b273dfc5ea836092ec71ca7a5dcb
Saiyaara,https://i.scdn.co/image/ab67616d0000b273a7e251b543c77a6ed356dfbe
Tere Siva,https://i.scdn.co/image/ab67616d0000b2732e3ef294a52273479125a63c
Baadal,https://i.scdn.co/image/ab67616d0000b273241c890d40902e070f40f922
Khuda Hafiz Anjaani Anjaana,https://i.scdn.co/image/ab67616d0000b273060c9e78dae4006109209115
Un Ka Andaz-E-Karam,https://i.scdn.co/image/ab67616d0000b2733532466c581fa753ff691bd7
Haseen,https://i.scdn.co/image/ab67616d0000b27305be603d0ab07ff5b195554e
A Modern Mantra,https://i.scdn.co/image/ab67616d0000b273585df4416cfdd5870ab77b72
"Pardesiya - From ""Param Sundari""",https://i.scdn.co/image/ab67616d0000b273d5754cde395f5c46792186c7
"Mila Tujhe - From ""Aap Jaisa Koi""",https://i.scdn.co/image/ab67616d0000b2731fa092f6dfea560e045b9fd7
Sanson Ki Mala Peh Simroon,https://i.scdn.co/image/ab67616d0000b273f69574a38304e0eee606172c
"Ghalat Fehmi - From ""Superstar""",https://i.scdn.co/image/ab67616d0000b2733e47c50990387d718ff4d845
Barbaad Reprise - Female,https://i.scdn.co/image/ab67616d0000b2732fc1f0e56f80b5e7cc388b3c
SAYIAARA Kishore Kumarx - Old Version,https://i.scdn.co/image/ab67616d0000b2736f116e3aba2e893cb09f6068
Raatein Guzaari,https://i.scdn.co/image/ab67616d0000b2733d78229c27310185a9dd4a0f
"Darkhaast (feat. Arijit Singh, Sunidhi Chauhan)",https://i.scdn.co/image/ab67616d0000b273e7fe7d656750737e8d369f95
Dooron Dooron - Unplugged,https://i.scdn.co/image/ab67616d0000b273ca38512149238c1b4c11b4ae
Bolve,https://i.scdn.co/image/ab67616d0000b273319a2fa5a2977243a5fb01de
Piya Tose - Qawwali Version,https://i.scdn.co/image/ab67616d0000b273449d2811f98c0503eda88bd1
"Kaho Na Kaho - From ""Murder""",https://i.scdn.co/image/ab67616d0000b2734acc92d5e249f80ccd3f9f85
Emotional Attyachaar (Rock Version),https://i.scdn.co/image/ab67616d0000b2733c9ceb08ea5e086d804abc37
Limitless Pyar - Live,https://i.scdn.co/image/ab67616d0000b2730661cf952b7b969cbb97e4e9
Back2Back-Jab Tak Hai Jaan,https://i.scdn.co/image/ab67616d0000b273f1efa42837110252f9de27be
Kurbaan Hua,https://i.scdn.co/image/ab67616d0000b273d976f08a9feba38efcafb5ff
"Dhun (From ""Saiyaara"")",https://i.scdn.co/image/ab67616d0000b273781faf59a3cb980fe3b493f8
Saiyaara Reprise - Female,https://i.scdn.co/image/ab67616d0000b2732fc1f0e56f80b5e7cc388b3c
Jab Tak Hai Jaan,https://i.scdn.co/image/ab67616d0000b2731efbf8b77e571388b3520f72
Tille Waleya - Remix,https://i.scdn.co/image/ab67616d0000b273448bfef6950153e57e2f0811
Main Tera Dhadkan Teri,https://i.scdn.co/image/ab67616d0000b273c2d2a2177df997886b1a4eb9
Bin Tere Sanam Western Rhythm,https://i.scdn.co/image/ab67616d0000b2730826bb681b88b9ff4b51fcb9
Haan Tu Hain,https://i.scdn.co/image/ab67616d0000b273727d531901c07a499498c544
Hangover,https://i.scdn.co/image/ab67616d0000b27327656009177a4273a62c758a
Deewana Kar Raha Hai,https://i.scdn.co/image/ab67616d0000b273e108cdcfc16d1c27220fc8dd
For A Reason,https://i.scdn.co/image/ab67616d0000b2733dc5639cb321a69b721bed92
Teriyan Mohabatan - Lofi Flip,https://i.scdn.co/image/ab67616d0000b273f868eabe3d97d97b15d934a7
Kangna,https://i.scdn.co/image/ab67616d0000b273295d3a2e94b7cc56b2be94fa
Kala Dooria Lofi Beat,https://i.scdn.co/image/ab67616d0000b273baad8cdbd0a2f0f88ff4a9e2
Tera Mera Pyar Amar - Lata Mangeshkar,https://i.scdn.co/image/ab67616d0000b2733099096785a6301028d204d3
Dupatta,https://i.scdn.co/image/ab67616d0000b273f6035a9f83f69f6abce047fd
Bismil,https://i.scdn.co/image/ab67616d0000b27314b1f9487bf83b7db9dc890e
Something Something,https://i.scdn.co/image/ab67616d0000b273b2b89f9fe5f192dee174fedc
Khwab Dekhe Sexy Lady,https://i.scdn.co/image/ab67616d0000b273a0174ac9f29d0d48d76c3e00
Toota Jo Kabhi Tara,https://i.scdn.co/image/ab67616d0000b2738808ea1ba2cfba519e797a14
